#,AÑO,RUBRO,OBRA,POA,DESCRIPCIÓN,CONTRATISTA,FONDO,RECURSOS ESTATAL,RECURSOS FEDERAL,RECURSOS MUNICIPIO,MONTO CONTRATO,AMPLIACIÓN / DEDUCTIVAS,MONTO TOTAL,EJERCIDO,POR EJERCER,AVANCE FINANCIERO,META GENERAL,UNIDAD DE MEDIDA,RECURSOS,AVANCE FÍSICO,JUNTAS AUXILIARES,CANTIDAD DE OBRAS
,2024,CENTRO HISTÓRICO,70193,,"REHABILITACIÓN DEL TEMPLO DE LA CONCORDIA (SANTA VERACRUZ Y SAN FELIPE NERI). EN LA LOCALIDAD DE HEROICA PUEBLA DE ZARAGOZA, MUNICIPIO DE PUEBLA, EN EL ESTADO DE PUEBLA, SEGUNDA ETAPA UBICACIÓN EN CALLE 3 SUR NO. 902 ENTRE CALLE9 PONIENTE Y CALLE 11 PONIENTE , EN LA COLONIA CENTRO DEL MUNICIPIO DE PUEBLA","CONSERVACION Y MANTENIMIENTO DE ESPACIO, S.A. DE C.V.",CONVENIO ESTADO,1263776.65,,0.0,1257754.78,0.0,1257754.78,1257754.78,0.0,1.0,,,ESTADO,1.0,ZONA METROPOLITANA,
,2024,REHABILITACION VIAL,70195,,"REHABILITACIÓN DE PAVIMENTO CON CONCRETO ASFÁLTICO EN LA CALLE 27 SUR ENTRE AVENIDA 23 PONIENTE Y CIRCUITO JUAN PABLO II, EN LA LOCALIDAD DE HEROICA PUEBLA DE ZARAGOZA, MUNICIPIO DE PUEBLA, ESTADO DE PUEBLA.","CONSTRUCTORA SAN MARÓN, S.A. DE C.V.",CONVENIO ESTADO,16700143.5,,0.0,16550113.58,150029.92,16700143.5,16700143.5,0.0,1.0,2160,M2,ESTADO,1.0,ZONA METROPOLITANA,
,2024,REHABILITACION VIAL,70196,,"RECONSTRUCCIÓN DE PAVIMENTO CON CONCRETO ASFÁLTICO DE LA AVENIDA CAMPO DE TIRO ENTRE LAS CALLES 2 ORIENTE Y 14 ORIENTE, CON UNA LONGITUD DE 240 METROS, EN LA LOCALIDAD DE HEROICA PUEBLA DE ZARAGOZA, MUNICIPIO DE PUEBLA, ESTADO DE PUEBLA. ","FERGUSAN, S.A. DE C.V.",CONVENIO ESTADO,2267790.89,,0.0,2233042.46,0.0,2233042.46,2233042.46,0.0,1.0,2520,M2,ESTADO,1.0,ZONA METROPOLITANA,
,2024,REHABILITACION VIAL,70197,,"REHABILITACIÓN DE PAVIMENTO CON CONCRETO ASFÁLTICO EN LA CALLE 31 SUR ENTRE BOULEVARD ATLIXCO Y CIRCUITO JUAN PABLO II, EN LA LOCALIDAD DE HEROICA PUEBLA DE ZARAGOZA, MUNICIPIO DE PUEBLA, ESTADO DE PUEBLA","PACH CONSTRUCCIONES, S.A. DE C.V.",CONVENIO ESTADO,26898299.99,,0.0,26683508.13,214791.86,26898299.99,26898299.99,0.0,1.0,20384,M2,ESTADO,1.0,ZONA METROPOLITANA,
,2024,REHABILITACION VIAL,40497,,"MODERNIZACIÓN DE LA CALLE LOS PILARES, EN LA JUNTA AUXILIAR DE SAN MIGUEL CANOA EN EL MUNICIPIO DE PUEBLA, DEL KM. 0+000 AL KM 1+577.","CONSTRUCTORA Y PROMOTORA ARANTE, S.A. DE C.V.",CONVENIO ESTADO / FAISMUNDF 2024,17382467.05,,6000000.0,23067954.0,0.0,23067954.0,23067954.0,0.0,1.0,12616,M2,26% MUNICIPIO / 74% ESTADO,1.0,SAN MIGUEL CANOA,
,2024,REHABILITACION VIAL,40498,,"RECONSTRUCCIÓN DE PAVIMENTO CON CONCRETO ASFÁLTICO DE LA AVENIDA DE LOS MÁRTIRES INICIANDO EN CAMINO A CLAVIJERO, CON UNA LONGITUD DE 930 METROS, EN LA LOCALIDAD DE HEROICA PUEBLA DE ZARAGOZA, MUNICIPIO DE PUEBLA, ESTADO DE PUEBLA","CUAR CONSTRUCTORES ASOCIADOS, S.A. DE C.V.",CONVENIO ESTADO / RECURSOS PROPIOS,5341210.49,,1500000.0,6772483.38,68727.11,6841210.49,5555142.93,1286067.5600000003,0.8120116956085646,8835,M2,22% MUNICIPIO / 78% ESTADO,1.0,ZONA METROPOLITANA,
,2024,REHABILITACION VIAL,40499,,"RECONSTRUCCIÓN DE PAVIMENTO CON CONCRETO ASFÁLTICO DE LA CALLE VENUSTIANO CARRANZA, ENTRE CAMINO A CLAVIJERO Y AVENIDA CAMPO DE TIRO, EN LA LOCALIDAD DE HEROICA PUEBLA DE ZARAGOZA, EN EL MUNICIPIO DE PUEBLA, EN EL ESTADO DE PUEBLA","CONTRATISTAS CIVILES COLZA, S.A. DE C.V.",CONVENIO ESTADO / RECURSOS PROPIOS,5860370.51,,1000000.0,6704816.92,155553.59,6860370.51,6854746.48,5624.029999999329,0.9991802148307004,8835,M2,15% MUNICIPIO / 85% ESTADO,1.0,ZONA METROPOLITANA,
,2024,REHABILITACION VIAL,40500,,"RECONSTRUCCIÓN Y CONSTRUCCIÓN DE PAVIMENTO CON CONCRETO ASFÁLTICO DE LA AVENIDA DE LOS EDUCADORES, ENTRE AVENIDA JOSÉ MARÍA LAFRAGUA Y CALLE JUSTO SIERRA, AVENIDA DE LOS EDUCADORES ENTRE LAS CALLES JUAN CORDERO Y GALILEO GALILEI Y PRIVADA GALILEO GALILEI ENTRE LA AVENIDA DE LOS EDUCADORES Y LA AVENIDA INDEPENDENCIA, EN LA LOCALIDAD DE HEROICA PUEBLA DE ZARAGOZA, EN EL MUNICIPIO DE PUEBLA, EN EL ESTADO DE PUEBLA","CUAR CONSTRUCTORES ASOCIADOS, S.A. DE C.V.",CONVENIO ESTADO / RECURSOS PROPIOS,6075733.88,,1500000.0,7498306.78,77427.1,7575733.88,7575733.88,0.0,1.0,16045,M2,20% MUNICIPIO / 80% ESTADO,1.0,ZONA METROPOLITANA,
,2024,BACHEO,40501,,"MANTENIMIENTO DE DIVERSAS CALLES A BASE DE BACHEO AISLADO CON CARPETA ASFÁLTICA, UBICADO EN LA LOCALIDAD DE HEROICA PUEBLA DE ZARAGOZA, EN EL MUNICIPIO DE PUEBLA, ESTADO DE PUEBLA.","SATORI INOX, S.A. DE C.V.",CONVENIO ESTADO / RECURSOS PROPIOS,3999954.99,,6000000.0,9849963.18,125660.07,9975623.25,9975623.25,0.0,1.0,,,60% MUNICIPIO / 40% ESTADO,1.0,ZONA METROPOLITANA,
,2024,MERCADO SAN RAMON,40502,,"PROYECTO INTEGRAL PARA LA CONSTRUCCIÓN DEL MERCADO ""SAN RAMÓN"", UBICADO EN LA LOCALIDAD DE HEROICA PUEBLA DE ZARAGOZA, EN EL MUNICIPIO DE PUEBLA, ESTADO DE PUEBLA, ubicación AVENIDA LOMAS DE ATLIXCO S/N, ENTRE CALLE JAZMÍN Y CALLE LICENCIADO BENITO JUÁREZ COLONIA SAN RAMÓN CASTILLOTLA, DEL MUNICIPIO DE PUEBLA, PUE.","DICOVIT, S.A. DE C.V.",CONVENIO ESTADO / RECURSOS PROPIOS,60379612.78,,20000000.0,78772059.00999999,0.0,78772059.00999999,71503808.42,7268250.589999987,0.9077306004013772,,,75% MUNICIPIO / 25% ESTADO,1.0,SAN FRANCISCO TOTIMEHUACAN,
,2024,PAVIMENTACION,31039,,"CONSTRUCCIÓN DE PAVIMENTO Y OBRAS COMPLEMENTARIAS EN AVENIDA 11 DE ENERO ENTRE CALLE MISAEL NÚÑEZ ACOSTA Y FIN DE CALLE, EN LA COLONIA BARRANCA HONDA, DE LA JUNTA AUXILIAR SAN PABLO XOCHIMEHUACAN DEL MUNICIPIO DE PUEBLA.  UBICACIÓN AVENIDA 11 DE ENERO ENTRE CALLE MISAEL NÚÑEZ ACOSTA Y FIN DE CALLE, EN LA COLONIA BARRANCA HONDA, DE LA JUNTA AUXILIAR SAN PABLO XOCHIMEHUACAN DEL MUNICIPIO DE PUEBLA.","SOLUTINTEC, S.A. DE C.V.","FAISMUN 2024 /
FARISMUN 2024 (INTERESES)
RECURSOS PROPIOS",0.0,0.0,3272891.28,2749979.9,522911.38,3272891.28,3272891.28,0.0,1.0,1957,M2,MUNICIPIO,1.0,SAN PABLO XOCHIMEHUACAN,
,2024,PAVIMENTACION,31036,,"CONSTRUCCIÓN DE PAVIMENTO Y OBRAS COMPLEMENTARIAS EN CALLE 2 SUR ENTRE CALLE MAXIMINO ÁVILA CAMACHO Y CALLE 3 ORIENTE, EN LA COLONIA EL SALVADOR DEL MUNICIPIO DE PUEBLA. UBICACIÓN CALLE 2 SUR ENTRE CALLE MAXIMINO ÁVILA CAMACHO Y CALLE 3 ORIENTE, EN LA COLONIA EL SALVADOR DEL MUNICIPIO DE PUEBLA.","EDIFFICA BATLLO INMOBILIARIOS, S.A. DE C.V.",FAISMUN DF 2024,0.0,0.0,2982055.1300000004,2635042.43,347012.7,2982055.1300000004,2982055.13,0.0,0.9999999999999998,1778,M2,MUNICIPIO,1.0,ZONA METROPOLITANA,
,2024,PAVIMENTACION,31037,,"CONSTRUCCIÓN DE PAVIMENTO Y OBRAS COMPLEMENTARIAS EN CALLE 3 ENTRE CALLE JOSÉ MARTÍ Y CALLE CESAR VALLEJO, EN LA COLONIAS BALCONES DEL SUR Y FRATERNIDAD ANTORCHISTA, DE LA JUNTA AUXILIAR SAN FRANCISCO TOTIMEHUACAN DEL MUNICIPIO DE PUEBLA.  UBICACIÓN CALLE 3 ENTRE CALLE JOSÉ MARTÍ Y CALLE CESAR VALLEJO, EN LA COLONIAS BALCONES DEL SUR Y FRATERNIDAD ANTORCHISTA, DE LA JUNTA AUXILIAR SAN FRANCISCO TOTIMEHUACAN DEL MUNICIPIO DE PUEBLA. ","ARKI JOMAN, S DE R.L. DE C.V.",FAISMUN DF 2024,0.0,0.0,5446952.18,5446952.18,0.0,5446952.18,5446952.18,0.0,1.0,2450,M2,MUNICIPIO,1.0,SAN FRANCISCO TOTIMEHUACAN,
,2024,PAVIMENTACION,31038,,"CONSTRUCCIÓN DE PAVIMENTO Y OBRAS COMPLEMENTARIAS EN CALLE DURAZNO ENTRE CALLE LAURELES Y CALLE ROBLE, EN LA COLONIA BOSQUES DE AMALUCAN PRIMERA SECCIÓN DEL MUNICIPIO DE PUEBLA.  UBICACIÓN CALLE DURAZNO ENTRE CALLE LAURELES Y CALLE ROBLE, EN LA COLONIA BOSQUES DE AMALUCAN PRIMERA SECCIÓN DEL MUNICIPIO DE PUEBLA.","GRUPO CONSTRUCTOR PROINCI, S.A. DE C.V.",FAISMUN DF 2024,0.0,0.0,2513381.29,2513381.29,0.0,2513381.29,2513381.29,0.0,1.0,1152,M2,MUNICIPIO,1.0,ZONA METROPOLITANA,
,2024,PAVIMENTACION,31040,,"CONSTRUCCIÓN DE PAVIMENTO Y OBRAS COMPLEMENTARIAS EN CALLE ROBLE ENTRE CALLE COLORINES Y CALLE ALCANFORES, EN LA COLONIA VALLE PARAÍSO, DE LA JUNTA AUXILIAR SAN BALTAZAR CAMPECHE DEL MUNICIPIO DE PUEBLA.  UBICACIÓN CALLE ROBLE ENTRE CALLE COLORINES Y CALLE ALCANFORES, EN LA COLONIA VALLE PARAÍSO, DE LA JUNTA AUXILIAR SAN BALTAZAR CAMPECHE DEL MUNICIPIO DE PUEBLA.","SOLUTINTEC, S.A. DE C.V.",FAISMUN DF 2024,0.0,0.0,7693807.82,7693807.82,0.0,7693807.82,7693807.82,0.0,1.0,4593,M2,MUNICIPIO,1.0,SAN BALTAZAR CAMPECHE,
,2024,PAVIMENTACION,31041,,"CONSTRUCCIÓN DE PAVIMENTO Y OBRAS COMPLEMENTARIAS EN CALLE 110 PONIENTE ENTRE CALLE 15 NORTE Y FIN DE CALLE, EN LA COLONIA VENUSTIANO CARRANZA, DE LA JUNTA AUXILIAR SAN PABLO XOCHIMEHUACAN DEL MUNICIPIO DE PUEBLA.  UBICACIÓN  CALLE 110 PONIENTE ENTRE CALLE 15 NORTE Y FIN DE CALLE, EN LA COLONIA VENUSTIANO CARRANZA, DE LA JUNTA AUXILIAR SAN PABLO XOCHIMEHUACAN DEL MUNICIPIO DE PUEBLA. ","ARKI JOMAN, S DE R.L. DE C.V.",FAISMUN DF 2024,0.0,0.0,4741133.09,4741133.09,0.0,4741133.09,4741133.09,0.0,1.0,3163,M2,MUNICIPIO,1.0,SAN PABLO XOCHIMEHUACAN,
,2024,ZONA INUNDABLE,31042,,"CONSTRUCCIÓN DE COLECTOR PLUVIAL EN CALLE PINO ENTRE CALLE POLÍTICA MODERNA Y CALLE LIBERTAD, CALLE LIBERTAD ENTRE CALLE PINO Y CALLE RUBÍ, CALLE RUBÍ ENTRE CALLE LIBERTAD Y BARRANCA, EN LAS COLONIAS NUEVO PARAÍSO Y SOLIDARIDAD, DE LA JUNTA AUXILIAR SAN SEBASTIÁN DE APARICIO DEL MUNICIPIO DE PUEBLA.  UBICACIÓN EN CALLE PINO ENTRE CALLE POLÍTICA MODERNA Y CALLE LIBERTAD, CALLE LIBERTAD ENTRE CALLE PINO Y CALLE RUBÍ, CALLE RUBÍ ENTRE CALLE LIBERTAD Y BARRANCA, EN LAS COLONIAS NUEVO PARAÍSO Y SOLIDARIDAD, DE LA JUNTA AUXILIAR SAN SEBASTIÁN DE APARICIO DEL MUNICIPIO DE PUEBLA. ","GRUPO ECOLÓGICO INTERNACIONAL, S.A. DE C.V.",FAISMUN DF 2024,0.0,0.0,6493555.22,4831661.44,1661893.78,6493555.220000001,6493555.22,0.0,1.0,450,M,MUNICIPIO,1.0,SAN SEBASTIAN DE APARICIO,
,2024,ZONA INUNDABLE,31043,,"RED DE ALCANTARILLADO PLUVIAL EN LA COLONIA SANTA CRUZ LOS ÁNGELES DEL MUNICIPIO DE PUEBLA UBICACIÓN EN CALLE 35 SUR, ENTRE AVENIDA 29 PONIENTE Y AVENIDA MANUEL ESPINOSA YGLESIAS O CALLE 31 PONIENTE; EN AVENIDA MANUEL ESPINOSA YGLESIA O CALL31 PONIENTE ENTRE CALLE 35 SUR Y CALLE 33 SUR, EN LA COLONIA SANTA CRUZ LOS ÁNGELES DEL MUNICIPIO DE PUEBLA.","GRUPO INMOBILIARIO SKARN, S.A. DE C.V.",FAISMUN DF 2024,0.0,0.0,4647976.59,4401184.25,246792.34,4647976.59,4647976.59,0.0,1.0,206,M,MUNICIPIO,1.0,ZONA METROPOLITANA,
,2024,PAVIMENTACION,31044,,"CONSTRUCCIÓN DE PAVIMENTO Y OBRAS COMPLEMENTARIAS EN CALLE VENUSTIANO CARRANZA ENTRE CALLE BENITO JUÁREZ Y CALLE EMILIANO ZAPATA, EN LA COLONIA GUADALUPE HIDALGO, DE LA JUNTA AUXILIAR SAN FRANCISCO TOTIMEHUACAN DEL MUNICIPIO DE PUEBLA. UBICACIÓN CALLE VENUSTIANO CARRANZA ENTRE CALLE BENITO JUÁREZ Y CALLE EMILIANO ZAPATA, EN LA COLONIA GUADALUPE HIDALGO, DE LA JUNTA AUXILIAR SAN FRANCISCO TOTIMEHUACAN DEL MUNICIPIO DE PUEBLA.","EDIFICACIONES ESPECIALES JAKME, S.A. DE C.V.",FAISMUN DF 2024,0.0,0.0,8254161.439999999,7550133.01,704028.43,8254161.439999999,8254161.44,0.0,1.0000000000000002,4752,M2,MUNICIPIO,1.0,SAN FRANCISCO TOTIMEHUACAN,
,2025,BACHILLERATO TÉCNOLOGICO,31045,SI,"CONSTRUCCIÓN Y OBRAS COMPLEMENTARIAS DEL BACHILLERATO TECNOLÓGICO UBICADO EN CIUDAD UNIVERSITARIA 2 (ECO CAMPUS VALSEQUILLO), EN LA JUNTA AUXILIAR SAN PEDRO ZACACHIMALPA DEL MUNICIPIO DE PUEBLA","MUT INFRAESTRUCTURA, S.A. DE C.V. ",FAISMUN DF 2025,0.0,0.0,54000000.0,53996872.83,0.0,53996872.83,53030825.46,966047.3699999971,0.9821091978225956,,,MUNICIPIO,0.7515,SAN PEDRO ZACACHIMALPA,
,2025,HIDRSANITARIA,31046,NO,DEZASOLVE DE BARRANCAS Y RIOS DEL MUNICIPIO DE PUEBLA ,JOMA Y ASOCIADOS S.A. DE C.V.,FAISMUN DF 2025,0.0,0.0,29998271.7,29808951.84,5248272.919999998,35057224.76,35057224.76,0.0,1.0,,,MUNICIPIO,1.0,SAN PEDRO ZACACHIMALPA,
,2025,HIDRSANITARIA,31047,SI,"CONSTRUCCIÓN DE MURO DE CONTENCIÓN EN CALLE ALBERT EINSTEIN, AL MARGEN DEL RIO ALSESECA, ENTRE CALLE MORELOS Y CALLE HERACLITO, EN LA COLONIA SAN LUIS GONZAGA, DEL MUNICIPIO DE PUEBLA ",MICHIGAN CONSTRUCCIONES S.A. DE C.V.,FAISMUN DF 2025,0.0,0.0,3103652.29,3079978.64,1221009.96,4300988.6,4269150.71,31837.889999999665,0.9925975414117582,},,MUNICIPIO,1.0,ZONA METROPOLITANA,
,2025,REHABILITACION VIAL,31048,SI,"MANTENIMIENTO VIAL Y OBRAS COMPLEMENTARIAS EN AVENIDA 11 ORIENTE ENTRE BOULEVARD HÉROES DEL 5 DE MAYO Y AVENIDA 26 SUR, EN LAS COLONIAS RANCHO AZCARATE, MOTOLINÍA, EL ÁNGEL Y BARRIO DE ANALCO, DEL MUNICIPIO DE PUEBLA. ","RAMIREZ & GARCÍA CONSTRUCTORA, S.A. DE C.V.",FAISMUN DF 2025,0.0,0.0,28656206.38,28368940.89,3996956.87,32365897.76,25718623.74,6647274.020000003,0.7946210524024097,19823,M2,MUNICIPIO,0.95,ZONA METROPOLITANA,
,2025,PAVIMENTACION,31049,SI,"PAVIMENTACIÓN Y OBRAS COMPLEMENTARIAS EN CALLE ARTÍCULO 9 ENTRE AVENIDA CONSTITUYENTES Y CALLE ARTÍCULO 1; CALLE ARTÍCULO 1 ENTRE ARTÍCULO 9 Y CAMINO VIEJO A BALCONES, EN LAS COLONIAS CONSTITUCIÓN MEXICANA Y AMPLIACION CONSTITUCIÓN MEXICANA, DE LA JUNTA AUXILIAR SAN FRANCISCO TOTIMEHUACAN DEL MUNICIPIO DE PUEBLA","CONSTRUCTORA DREAMVIOR, S.A. DE C.V.",FAISMUN DF 2025,0.0,0.0,7565039.57,7553941.02,0.0,7553941.02,6676658.33,877282.6899999994,0.883864238855283,5126.85,M2,MUNICIPIO,1.0,SAN FRANCISCO TOTIMEHUACAN,
,2025,REHABILITACION VIAL,31050,SI,"MANTENIMIENTO VIAL Y OBRAS COMPLEMENTARIAS EN CALLE 30 NORTE ENTRE CALLE 32 NORTE Y AVENIDA 12 ORIENTE,EN LAS COLONIAS XONACA,AZTECA,VISTA HERMOSA,MIGUEL ALEMÁN,HUMBOLDT NORTE,RESURGIMIENTO NORTE, DEL MUNICIPIO DE PUEBLA","ARQUITECTONI-K INMOBILIARIA, S.A. DE C.V.",FAISMUN DF 2025,0.0,0.0,19346319.8,19246776.25,1589155.95,20835932.2,17399842.07,3436090.129999999,0.8350882457757278,11925,M2,MUNICIPIO,0.2,ZONA METROPOLITANA,
,2025,REHABILITACION VIAL,31051,SI,"MANTENIMIENTO VIAL Y OBRAS COMPLEMENTARIAS EN CALLE 5 SUR ENTRE CALLE AVENIDA 105 PONIENTE Y AVENIDA 113 PONIENTE;AVENIDA 3 SUR Y CALLE 7 SUR;CIRCUITO CENTRAL LOMA BELLA, EN LA COLONIA INFONAVIT LOMA BELLA, DE LA JUNTA AUXILIAR SAN BALTAZAR CAMPECHE,DEL MUNICIPIO DE PUEBLA. ","CONSTRUCCIONES Y OPERACIONES DEL CARIBE GRACSA, S.A, DE C.V. ",FAISMUN DF 2025,0.0,0.0,25698047.95,25428636.89,0.0,25428636.89,22787366.06,2641270.8300000015,0.8961300662152794,19975.3,M2,MUNICIPIO,1.0,SAN BALTAZAR CAMPECHE,
,2025,PAVIMENTACION,31053,SI,"PAVIMENTACIÓN Y OBRAS COMPLEMENTARIAS EN PRIVADA E DE LA 16 DE SEPTIEMBRE ENTRE CALLE SAN ALFONSO Y PRIVADA INDEPENDENCIA, EN LA COLONIA GUADALUPE HIDALGO 2DA SECCIÓN, DE LA JUNTA AUXILIAR DE SAN FRANCISCO TOTIMEHUACAN,DEL MUNICIPIO DE PUEBLA ","CONSTRUCTORA Y PROMOTORA ARANTE, S.A DE C.V ",FAISMUN DF 2025,0.0,0.0,6800020.87,6698665.02,0.0,6698665.02,6421623.27,277041.75,0.9586422445109816,3645,M2,MUNICIPIO,1.0,SAN FRANCISCO TOTIMEHUACAN,
,2025,REHABILITACION VIAL,31054,SI,"MANTENIMIENTO VIAL Y OBRAS COMPLEMENTARIAS EN CALLE ANÁHUAC Y CALLE CAMINO NACIONAL,DE LA JUNTA AUXILIAR IGNACIO ROMERO VARGAS, DEL MUNICIPIO DE PUEBLA","PROMOTORA Y CONSTRUCTORA FRAXA, S.A DE C.V ",FAISMUN DF 2025,0.0,0.0,21741406.63,21734712.75,813247.8,22547960.55,16450250.47,6097710.08,0.7295671124455643,11518,M2,MUNICIPIO,0.3955,IGNACIO ROMERO VARGAS,
,2025,HIDRSANITARIA,31055,NO,"CONSTRUCCIÓN DE COLECTOR PLUVIAL EJERCITO DE ORIENTE TRAMO CALLE 5 DE FEBRERO ENTRE CALLE VENUSTIANO CARRANZA Y BARRANCA SAN DIEGO, EN LA COLONIA ALAMOS VISTA HERMOSA, DEL MUNICIPIO ","CONTRATISTAS CIVILES COLZA, S.A DE C.V ",FAISMUN DF 2025,0.0,0.0,42285962.22,42074202.52,0.0,42074202.52,39587616.54,2486585.980000004,0.940899985476421,,,MUNICIPIO,0.843,ZONA METROPOLITANA,
,2025,MEJORAMIENTO A LA VIVIENDA,31056,NO,EQUIPAMIENTO Y OBRAS COMPLEMENTARIAS PARA LA IMPLEMENTACIÓN DE CALENTADORES SOLARES EN DIFERENTES VIVIENDAS UBICADAS EN ZONAS DE ATENCIÓN PRIORITARIA DEL MUNICIPIO DE PUEBLA,"GRUPO CORPBO, S.A. DE C.V.",FAISMUN DF 2025,0.0,0.0,35903786.59,35637851.85,0.0,35637851.85,20691852.97,14945998.880000005,0.5806144842032614,,,MUNICIPIO,0.4075,SAN FRANCISCO TOTIMEHUACAN,
,2025,MEJORAMIENTO A LA VIVIENDA,31059,NO,EQUIPAMIENTO Y OBRAS COMPLEMENTARIAS PARA LA IMPLEMENTACIÓN DE LOS SISTEMAS DE CAPTACIÓN PLUVIAL EN DIFERENTES VIVIENDAS UBICADAS EN ZONAS DE ATENCIÓN PRIORITARIA DEL MUNICIPIO DE PUEBLA,"REMA SOLUTIONS, S.A. DE C.V.",FAISMUN DF 2025,0.0,0.0,15685567.33,15574109.64,0.0,15574109.64,14111238.01,1462871.6300000008,0.9060702882017208,,,MUNICIPIO,0.63,DIVERSAS JUNTAS AUXILARES,25
,2025,REHABILITACION VIAL,31060,SI,"MANTENIMIENTO VIAL Y OBRAS COMPLEMENTARIAS EN CALLE 33 PONIENTE ENTRE CALLE 27 SUR Y CALLE 21 SUR; CALLE 21 SUR ENTRE CALLE 33 PONIENTE Y CALLE 19 SUR; CALLE 35 PONIENTE ENTRE CALLE 19 SUR Y AVENIDA 11 SUR, EN LAS COLONIAS LA NORIA, BENITO JUÁREZ, INFONAVIT 12 DE MAYO DE 1918, LOS VOLCANES Y GUSTAVO DÍAZ ORDAZ DE LA JUNTA AUXILIAR SAN BALTAZAR CAMPECHE CEL MUNICIPIO DE PUEBLA","CUAR CONSTRUCTORES ASOCIADOS, S.A. DE C.V",FAISMUN DF 2025,0.0,0.0,23914114.28,23681231.75,5240075.24,28921306.99,17575415.53,11345891.46,0.60769783108616,21170.35,M2,MUNICIPIO,0.141,ZONA METROPOLITANA,
,2025,HIDRSANITARIA,31062,NO,"REHABILITACIÓN DE ALCANTARILLADO SANITARIO EN CALLE ROMERO VARGAS ENTRE PRIVADA FELIPE BERRIOZABAL Y CALLE ROMERO RUBIO, PRIVADA FELIPE BERRIOZÁBAL ENTRE CALLE ROMERO VARGAS Y CALLE JUÁN TAMBORIEL, DE LA JUNTA AUXILIAR SAN JERÓNIMO CALERAS, DEL MUNICIPIO DE PUEBLA ","VALUACIÓN PROYECTOS Y CONSTRUCCIONES, S.A. DE C.V",FAISMUN DF 2025,0.0,0.0,1441539.22,1441539.22,0.0,1441539.22,427171.49,1014367.73,0.2963301199671833,,,MUNICIPIO,0.0,SAN JERONIMO CALERAS,
,2025,PAVIMENTACION,31063,NO,"PAVIMENTACIÓN Y OBRAS COMPLEMENTARIAS EN CALLE 3 DE MAYO, ENTRE CALLE NIÑOS HÉROES Y CALLE BELLAS ARTES, EN LA COLONIA GUADALUPE EJIDO ROMERO VARGA, DE LA JUNTA AUXILIAR IGNACIO ROMERO VARGAS, DEL MUNICIPIO DE PUEBLA. ","CONSTRUCTORA INDARCO MAZARO, S.A. DE C.V.",FAISMUN DF 2025 (INTERESES) ,0.0,0.0,1022817.69,1010521.51,,1010521.51,303156.45,707365.06,0.2999999970312358,548.24,M2,FAISMUN 2025,,IGNACIO ROMERO VARGAS,
,2025,PAVIMENTACION,31061,SI,"PAVIMENTACIÓN Y OBRAS COMPLEMENTARIAS EN CALLE 20 DE NOVIEMBRE ENTRE CALLE 3 NORTE Y FIN DE CALLE, EN LA COLONIA SAN JOSÉ LOS CERRITOS, DE LA JUNTA AUXILIAR SAN PABLO XOCHIMEHUACAN, DEL MUNICIPIO DE PUEBLA ","INMOBILIARIA CASTITAS, S.A. DE C.V",FAISMUN DF 2025 FAISMUN DF 2025 (INTERESES) ,0.0,0.0,3334706.82,3301235.64,0.0,3301235.64,3157294.56,143941.08000000007,0.9563978171518832,1911.76,M2,MUNICIPIO,0.94,SAN PABLO XOCHIMEHUACAN,
,2025,MEDIO AMBIENTE,40504,NO,"CONSTRUCCIÓN DE SISTEMAS DE CAPTACIÓN DE AGUA DE LLUVIA EN INFRAESTRUCTURA EDUCATIVA PÚBLICA, UBICADAS EN ZONAS DE ATENCIÓN PRIORITARIA Y EN EL MERCADO MUNICIPAL 5 DE MAYO, LOCALIZADO EN LA CALLE 18 PONIENTE NO.309, COLONIA CENTRO HISTÓRICO, EN EL MUNICIPIO DE PUEBLA","REMA SOLUTIONS, S.A DE C.V","FAISMUN DF 2025
RECURSOS PROPIOS 
PARTICIPACIONES FEDERALES 2025",0.0,0.0,12051722.34,11950707.1,0.0,11950707.1,11154641.7,796065.4000000004,0.9333875900949828,,,MUNICIPIO,0.92,SAN PABLO XOCHIMEHUACAN,
,2025,"PUENTE VEHICULAR ""LA PANGA"" (TRANSFERENCIA DE RECURSOS)",250107,SI,"CONSTRUCCIÓN DEL PUENTE VEHICULAR ""LA PANGA"", EN LAS LOCALIDADES SAN BALTAZAR TETELA Y LOS
ÁNGELES TETELA, EN EL MUNICIPIO DE PUEBLA, ESTADO DE PUEBLA",GOBIERNO DEL ESTADO DE PUEBLA,FAISMUN DF 2025/PARTICIPACIONES FEDERALES 2025,,,154350064.77,154350064.77,,154350064.77,154350064.77,0.0,1.0,,,50%ESTADO/50% MUNICIPIO,1.0,SAN BALTAZAR TETELA,
,2025,REHABILITACION VIAL,50342,SI,"RECONSTRUCCIÓN DE PAVIMENTO CON CONCRETO ASFÁLTICO DE CALLE 8 SUR ENTRE PROLONGACIÓN REFORMA Y AVENIDA 10 PONIENTE O CALLE AQUILES SERDÁN CALLE 53 NORTE ENTRE CALLE 10 PONIENTE O CALLE AQUILES SERDÁN Y LATERAL DE BOULEVARDHERMANOS SERDÁN, EN LA COLONIA AQUILES SERDÁN, DE LAS JUNTA AUXILIARES LA LIBERTAD Y SAN JERÓNIMO CALERAS, EN EL MUNICIPIO DE PUEBLA.","ADET CONSTRUCCIPON INMOBILIARIA, S.A. DE C.V. ",FORTAMUN DF 2025,0.0,0.0,31403063.61,30972924.07,0.0,30972924.07,29982021.51,990902.5599999985,0.96800745845757,13802,M2,MUNICIPIO,1.0,LA LIBERTAD-SAN JERONIMO CALERAS,
,2025,HIDRSANITARIA,50343,SI,"CONSTRUCCIÓN DE COLECTOR PLUVIAL EN EL CENTRO MUNICIPAL DE EQUINOTERAPIA Y REHABILITACIÓN INTEGRAL (CMERI), UBICADO EN PROLONGACIÓN 11 SUR S/N INFONAVIT AGUA SANTA, DE LA JUNTA AUXILIAR SAN BALTAZAR CAMPECHE, DEL MUNICIPIO DE PUEBLA ","CORPORATIVO CONSTRUCTOR CUROSA,S.A. DE C.V. ",FORTAMUN DF 2025,0.0,0.0,3515777.91,3481187.63,0.0,3481187.63,2500186.82,981000.81,0.7181993864547886,,,MUNICIPIO,1.0,SAN BALTAZAR CAMPECHE,
,2025,MOVILIDAD URBANA,50344,SI,"RECONSTRUCCIÓN DE CRUCE PEATONAL A NIVEL DE BANQUETA EN 31 PONIENTE, UBICADO EN 31 PONIENTE Y CALLE 13 SUR COLONIA LOS VOLCANES, CONSTRUCCIÓN DE REDUCTOR DE VELOCIDAD, UBICADO EN CALLE 15 DE MAYO ENTRE CALLE NOGAL Y CALLE ENRIQUE VILLAR DE LA COLONIA AHOGADA Y FRACCIONAMIENTO LOS CIPRESES DEL MUNICIPIO DE PUEBLA","CONSTRUCCIONES MADAXI, S.A DE C.V ",FORTAMUN DF 2025,0.0,0.0,1005143.93,995633.78,-84288.79,911344.99,911344.99,0.0,1.0,,,MUNICIPIO,1.0,ZONA METROPOLITANA,
,2025,PAVIMENTACION,50346,SI,"PAVIMENTACIÓN Y OBRAS COMPLEMENTARIAS EN CALLE 17 B O CALLE SAUCE ENTRE AVENIDA APULCO E INICIO DE PUENTE, EN LAS COLONIAS BOSQUES DE AMALUCAN Y LA AZTECA, DEL MUNICIPIO DE PUEBLA ","CONSTRUCTORA GAYPE, S.A. DE C.V.",FORTAMUN DF 2025,0.0,0.0,4007302.84,3983992.48,0.0,3983992.48,3750596.27,233396.21,0.9414165033765324,2068,M2,MUNICIPIO,0.89,ZONA METROPOLITANA,
,2025,REHABILITACION VIAL,50347,SI,"MANTENIMIENTO VIAL Y OBRAS COMPLEMENTARIAS EN CALLE VENUS ENTRE CALLE LAGO HURON Y CALLE NEPTUNO, EN LA COLONIA FOVISSTE SAN ROQUE Y RINCÓN ARBOLEDAS, DE LA JUNTA AUXILIAR SAN BALTAZAR CAMPECHE, DEL MUNICIPIO DE PUEBLA","BERESMO CONSTRUCTORA Y URBANIZADORA, S.A DE C.V ",FORTAMUN DF 2025,0.0,0.0,9011772.85,8909888.17,0.0,8909888.17,8387210.27,522677.9000000004,0.9413373220822366,6700,M2,MUNICIPIO,1.0,SAN BALTAZAR CAMPECHE,
,2025,REHABILITACION VIAL,50348,SI,"MANTENIMIENTO VIAL Y OBRAS COMPLEMENTARIAS EN CALLE MANUEL ALONSO ENTRE CALLE SAUCE Y CAPULÍN; PAVIMENTACIÓN Y OBRAS COMPLEMENTARIAS EN CALLE SAN ALFONSO ENTRE CALLE LAURELES Y CALLE CAPULÍN, EN LA COLONIA SANTA MARGARITA, DEL MUNICIPIO DE PUEBLA.","EDIFFICA BATLLO INMOBILIARIOS, S.A DE C.V ",FORTAMUN DF 2025,0.0,0.0,19127172.72,18909828.82,0.0,18909828.82,11527742.16,7382086.66,0.6096164206313529,13586,M2,MUNICIPIO,0.4,ZONA METROPOLITANA,
,2025,HIDRSANITARIA,50349,NO,"REHABILITACIÓN EMERGENTE DE INFRAESTRUCTURA HIDROSANITARIA, EN DIVERSAS CALLES DE COLONIAS Y JUNTAS AUXILIARES DEL MUNICIPIO DE PUEBLA. ","BEREDA CAMINOS OBRA CIVIL Y REMODELACIONES, S DE R.L. DE C.V.",FORTAMUN DF 2025,0.0,0.0,999222.11,997358.38,3700568.45,4697926.83,4095835.8,602091.0300000003,0.8718389937120412,,,MUNICIPIO,0.84,"Bacheos,rehabilitación o supervision a lo largo de las 18 juntas auxiliares.",25
,2025,PAVIMENTACION,40503,SI,"PAVIMENTACIÓN Y OBRAS COMPLEMENTARIAS EN CALLE PALMAS ENTRE CALLE RIVERA DEL ATOYAC SUR Y FIN DE CALLE, EN LA COLONIA SANTA CRUZ BUENAVISTA,DE LA JUNTA AUXILIAR IGNACIO ROMERO VARGAS, DEL MUNICIPIO DE PUEBLA","RETZA ESTUDIOS, S.A DE C.V ","FORTAMUN DF 2025
PARTICIPACIONES FEDERALES 2025",0.0,0.0,2090634.27,2089373.3,0.0,2089373.3,1887536.73,201836.5700000001,0.9033985118887085,5283.25,M2,MUNICIPIO,1.0,IGNACIO ROMERO VARGAS,
,2025,PAVIMENTACION,50345,SI,"PAVIMENTACIÓN Y OBRAS COMPLEMENTARIAS EN CALLE PALMAS ENTRE AVENIDA RAFAEL ÁVILA CAMACHO Y CALLE RIVERA DEL ATOYAC SUR, EN LA COLONIA SANTA CRUZ BUENA VISTA, DE LA JUNTA AUXILIAR IGNACIO ROMERO VARGAS, DEL MUNICIPIO DE PUEBLA","CONSTRUCTORA DAVENTY, S. DE R.L. DE C.V",FORTAMUNDF 2025,0.0,0.0,5097941.9,5072956.57,0.0,5072956.57,4537118.85,535837.7200000007,0.8943736827614905,0,M2,MUNICIPIO,1.0,IGNACIO ROMERO VARGAS,
,2025,BACHEO,26378,SI,"BACHEO CON MEZCLA ASFÁLTICA EN CALIENTE 2025-1, EN VIALIDADES DE LAS 17 JUNTAS AUXILIARES Y CABECERA MUNICIPAL DEL MUNICIPIO DE PUEBLA ","DH ESCAMELA,S.A. DE C.V.",PARTICIPACIONES FEDERALES,0.0,0.0,49999988.4,49499951.26,0.0,49499951.26,49499951.26,0.0,1.0,,,MUNICIPIO,1.0,"Bacheos,rehabilitación o supervision a lo largo de las 18 juntas auxiliares.", 
,2025,CENTRO HISTÓRICO,26379,SI,"MANTENIMIENTO INTEGRAL 2025-1 A LOS SERVICIOS DE INFRAESTRUCTURA, ESPACIOS PÚBLICOS, VIALIDADES E INMUEBLES HISTÓRICOS, DE LA ZONA DE MONUMENTOS DEL MUNICIPIO DE PUEBLA","INFRAESTRUCTURA Y CONSTRUCCIONES DE PUEBLA, S.A DE C.V ",PARTICIPACIONES FEDERALES 2025,0.0,0.0,4999685.57,4943024.32,1730058.51,6673082.83,1792564.47,4880518.36,0.2686261381233296,,,MUNICIPIO,0.8045,ZONA METROPOLITANA,
,2025,MEJORAMIENTO A LA VIVIENDA,26385,NO,"SUPERVISIÓN EXTERNA DEL EQUIPAMIENTO Y OBRAS COMPLEMENTARIAS PARA LA IMPLEMENTACIÓN DE: SISTEMA DE CALENTADOR SOLAR, SISTEMA DE ALMACENAMIENTO DE AGUA MEDIANTE TINACOS, SISTEMA DE CAPTACIÓN PLUVIAL Y DE ELECTRIFICACIÓN NO CONVENCIONAL CON PANEL SOLAR, EN DIFERENTES VIVIENDAS UBICADAS EN ZONAS DE ATENCIÓN PRIORITARIA DEL MUNICIPIO DE PUEBLA",LOZADA Y RODRÍGUEZ COMPAÑÍA INGENIERÍA GEOTÉCNICA S. DE  R.L. DE C.V.,PARTICIPACIONES FEDERALES 2025,0.0,0.0,1282820.8,1282240.0,0.0,1282240.0,384672.0,897568.0,0.3,,,MUNICIPIO,0.28,"Bacheos,rehabilitación o supervision a lo largo de las 18 juntas auxiliares.",
,2025,CENTRO HISTÓRICO,26386,NO,"INTERVENCIÓN Y MANTENIMIENTO DEL TEMPLO DE SANTA INÉS DEL MONTEPULCIANO; UBICADO EN CALLE 3 SUR NO. 903 CENTRO HISTÓRICO DE PUEBLA,PUEBLA;2a ETAPA. ","CORPORATIVO CONSTRUCTOR CUROSA, S.A. DE C.V",PARTICIPACIONES FEDERALES 2025,0.0,0.0,1500000.0,1498894.06,0.0,1498894.06,449668.22,1049225.84,0.300000001334317,,,MUNICIPIO,0.0742,ZONA METROPOLITANA,
,2025,MERCADOS,26387,NO,"REHABILITACIÓN DE TECHUMBRE EN ÁREA DE FLORES Y VARIOS DEL MERCADO INDEPENCIA UBICADO EN 95 PONIENTE O 2DA PRIVADA DE CASTILLOTLA ENTRE 11 SUR Y 13 SUR, COLONIA LOS PINOS MAYORAZGO, JUNTA AUXILIAR SAN BALTAZAR CAMPECHE, MUNICIPIO DE PUEBLA.","CONEKTA CONSTRUCCIÓN Y ENLACES, S.A.P.I. DE C.V",PARTICIPACIONES FEDERALES 2025,0.0,0.0,1894404.56,1890975.1,0.0,1890975.1,1616991.37,273983.73,0.8551098160943525,,,MUNICIPIO,0.6,SAN BALTAZAR CAMPECHE,
,2025,SERVICIOS RELACIONADOS,26390,NO," ESTUDIO DE GEOTECNIA, EVALUACIÓN DE PAVIMENTO
Y ESTUDIOS TOPOGRÁFICOS PARA DIFERENTES VIALIDADES DEL MUNICIPIO DE PUEBLA, 2025.","LABORATORIO DE CONTROL DE CALIDAD Y SUPERVISIÓN, S.A. DE C.V",PARTICIPACIONES FEDERALES 2025,0.0,0.0,1499516.69,1483372.86,0.0,1483372.86,1476339.63,7033.230000000214,0.9952586229735924,,,MUNICIPIO,0.6322,"Bacheos,rehabilitación o supervision a lo largo de las 18 juntas auxiliares.",
,2025,REHABILITACION VIAL,26392,NO,"REHABILITACIÓN VIAL CON CONCRETO ASFALTICO Y OBRAS COMPLEMENTARIAS DEL CAMINO VIEJO A BALCONES ENTRE AVENIDA MARIO BENEDETTI Y CALLE SANTA LEONOR O CALLE 4TA. PRIVADA DE LA CONCEPCIÓN, AVENIDA MIGUEL DE LA MADRID HURTADO ENTRE CALLE SANTA LEONOR O CALLE 5TA. PRIVADA DE LA CONCEPCIÓN Y PROLONGACIÓN DE LA 16 DE SEPTIEMBRE DE LAS COLONIAS CONSTITUCIÓN MEXICANA, SANTA LUCIA, LA CONCEPCIÓN SUR, S.N.T.E., SAN ALFONSO, GUADALUPE HIDALGO 2DA. SECCIÓN, DE LA JUNTA AUXILIAR SAN FRANCISCO TOTIMEHUACAN DEL MUNICIPIO DE PUEBLA ","ZDANIYA, S.A. DE C.V",PARTICIPACIONES FEDERALES 2025,0.0,0.0,56989309.76,56745533.64,18612964.92,75358498.56,17023660.09,58334838.47,0.2259023257535559,31386,M2,MUNICIPIO,0.0,SAN FRANCISCO TOTIMEHUACAN,
1.0,2024,BACHEO,26376,,"BACHEO CON MEZCLA ASFÁLTICA EN CALIENTE 2, 2024, UBICADO EN DIFERENTES CALLES DE LOS  CUATRO CUADRANTES DEL MUNICIPIO DE PUEBLA  UBICACIÓN DIFERENTES CALLES DE LOS CUATRO CUADRANTES  DEL MUNICIPIO DE PUEBLA,",CONSTRUCTORA OSAKE S.A. DE  C.V. ,RECURSOS PROPIOS,0.0,0.0,5604988.18,5604988.18,0.0,5604988.18,5604988.18,0.0,1.0,,,MUNICIPIO,1.0,nan,
2.0,2025,DIF MUNICIPAL,26377,SI,"MODERNIZACIÓN Y MANTENIMIENTO DE LA UNIDAD MÉDICA INTEGRAL DEL SISTEMA MUNICIPAL DIF PUEBLA, UBICADO EN AVENIDA CUE MERLO 201, COLONIA SAN BALTAZAR CAMPECHE Y REHABILITACIPON DE MURO AL INTERIO DEL CENTRO DCAPACITACIÓN YDESARROLLO MUNICIPAL (CECADE)","INMOBILIARIA CASTITAS, S.A. DE C.V.",RECURSOS PROPIOS,0.0,0.0,961224.08,938653.92,0.0,938653.92,938653.92,0.0,1.0,,,MUNICIPIO,1.0,SAN BALTAZAR CAMPECHE,
3.0,2025,BACHEO,26380,SI,"BACHEO CON MEZCLA ASFÁLTICA EN FRÍO 2025-1, EN VIALIDADES DE LAS 17 JUNTAS AUXILIARES Y LA CABECERA MUNICIPAL, DEL MUNICIPIO DE PUEBLA ","GREEN PATCHER MÉXICO, S. DE R.L. DE C.V.",RECURSOS PROPIOS ,0.0,0.0,9999048.33,9936334.01,0.0,9936334.01,9243377.22,692956.7899999991,0.9302603164001328,,,MUNICIPIO,1.0,"Bacheos,rehabilitación o supervision a lo largo de las 18 juntas auxiliares.",
4.0,2025,BACHEO,26381,SI," BACHEO CON MEZCLA ASFÁLTICA EN CALIENTE 2025-2, EN VIALIDADES DE LAS 17 JUNTAS AUXILIARES Y LA CABECERA
MUNICIPAL DEL MUNICIPIO DE PUEBLA.","GRUPO ME CONSTRUYO MÉXICO, S. DE R.L. DE C.V. ",RECURSOS PROPIOS ,0.0,0.0,9999149.56,9899148.28,0.0,9899148.28,9899148.28,0.0,1.0,,,MUNICIPIO,1.0,"Bacheos,rehabilitación o supervision a lo largo de las 18 juntas auxiliares.",
5.0,2025,MERCADOS,26382,SI,"CONSTRUCCIÓN DE BARDA PERIMETRAL EN CENTRAL DE ABASTOS SOBRE LA CALLE INTERIOR NORTE C. ENTRE CALZADA DEL CONDE Y VÍA CORTA A SANTA ANA, EN LA COLONIA CENTRAL DE ABASTOS, DE LA JUNTA AUXILIAR DE SAN PABLO XOCHIMEHUACAN, DEL MUNICIPIO DE PUEBLA","CONEKTA CONSTRUCCIÓN Y ENLACES,S.A.P.I. DE C.V. ",RECURSOS PROPIOS ,0.0,0.0,9281336.64,9188452.25,0.0,9188452.25,5822954.7,3365497.55,0.6337253044983718,,,MUNICIPIO,0.745,SAN PABLO XOCHIMEHUACAN,
6.0,2025,HIDRSANITARIA,26383,NO,"EQUIPAMIENTO DE POZO PROFUNDO PARA AGUA POTABLE DENOMINADO EL CARRIL, UBICADO EN CALLE 16 DE SEPTIEMBRE S/N, COLONIA SANTA CATARINA, DE LA JUNTA AUXILIAR SANTO TOMÁS CHAUTLA, DEL MUNICIPIO DE PUEBLA","ELEMET CONSTRUCCIONES, S. DE R. L. DE C.V. ",RECURSOS PROPIOS ,0.0,0.0,1190433.55,1175652.91,0.0,1175652.91,1170078.69,5574.219999999972,0.9952586176135948,,,MUNICIPIO,1.0,SAN FRANCISCO TOTIMEHUACAN,
7.0,2025,BACHEO,26384,SI,"BACHEO CON MEZCLA ASFÁLTICA EN CALIENTE 2025-3, EN VIALIDADES DE LAS 17 JUNTAS AUXILIARES Y LA CABECERA MUNICIPAL DEL MUNICIPIO DE PUEBLA","CONSTRUCTORA OSAKE, S.A DE C.V ",RECURSOS PROPIOS ,0.0,0.0,29999412.77,29694127.28,0.0,29694127.28,29694127.28,0.0,1.0,,,MUNICIPIO,1.0,"Bacheos,rehabilitación o supervision a lo largo de las 18 juntas auxiliares.",
8.0,2025,MOVILIDAD URBANA,26388,NO,CONSTRUCCIÓN DE PLATAFORMAS EN PARADAS DE TRANSPORTE PÚBLICO EN DIVERSOS PUNTOS DEL MUNICIPIO DE PUEBLA,"BEZAFYRO CONSTRUCCIONES, S.A. DE C.V",RECURSOS PROPIOS ,0.0,0.0,679774.79,668293.2,0.0,668293.2,200487.96,467805.24,0.3,,,MUNICIPIO,0.5657,SAN BALTAZAR CAMPECHE,
9.0,2025,DIF MUNICIPAL,26389,NO,"CONSTRUCCIÓN DE ESPACIOS ALIMENTARIOS (DESAYUNADORES) PARA EL FORTALECIMIENTO DEL PROGRAMA DE ALIMENTACIÓN ESCOLAR EN LA MODALIDAD CALIENTE, EN DIVERSAS ESCUELAS PÚBLICAS DE NIVEL BÁSICO, EN EL MUNICIPIO DE PUEBLA. ",JORGE VICTOR RÍOS PERALTA,RECURSOS PROPIOS ,0.0,0.0,9987263.63,9887586.49,0.0,9887586.49,4039822.32,5847764.17,0.4085751688833014,,,MUNICIPIO,0.1701,"Bacheos,rehabilitación o supervision a lo largo de las 18 juntas auxiliares.",
10.0,2025,BACHEO,26391,SI,"BACHEO CON MEZCLA ASFÁLTICA EN CALIENTE 2025-4, EN VIALIDADES DE LAS 17 JUNTAS AUXILIARES Y LA CABECERA MUNICIPAL DDEL MUNICIPIO DE PUEBLA ","PROYECTOS Y SOLUCIONES EDIFICARE, S. DE R.L. DE C.V.",RECURSOS PROPIOS ,0.0,0.0,29999412.77,29699389.35,0.0,29699389.35,14315465.0,15383924.35,0.4820120990130727,,,MUNICIPIO,0.6475,"Bacheos,rehabilitación o supervision a lo largo de las 18 juntas auxiliares.",
11.0,2025,CENTRO DE ATENCIÓN MUNICIPAL,26393,NO,"REMODELACIÓN Y ADECUACIÓN EN EL EDIFICIO DEL CAM (CENTRO DE ATENCIÓN MUNICIPAL), UBICADO EN AVENIDA 4 PONIENTE ESQUINA CON 11 NORTE, EN LA COLONIA CENTRO DEL MUNICIPIO DE PUEBLA","ELEMET CONSTRUCCIONES, S. DE R.L. DE C.V.",RECURSOS PROPIOS ,0.0,0.0,4299077.6,4285847.7,0.0,4285847.7,1285754.31,3000093.39,0.3,,,MUNICIPIO,0.0,ZONA METROPOLITANA,
,2025,ZONA MILITAR,26394,NO,"REHABILITACIÓN DE ACCESOS Y ELEMENTOS DE
MOVILIDAD E INFRAESTRUCTURA URBANA EN LA 25 ZONA MILITAR, UBICADO EN AVENIDA LIBERTAD S/N DE LA
JUNTA AUXILIAR IGNACIO ZARAGOZA DEL MUNICIPIO DE PUEBLA."," HOVAL ADVANCE ASFALTOS Y EMULSIONES, S.A. DE C.V",RECURSOS PROPIOS ,0.0,0.0,1289890.41,1275411.82,0.0,1275411.82,0.0,1275411.82,0.0,,,MUNICIPIO,,IGNACIO ZARAGOZA,
,2025,PUENTE VEHICULAR,26395,NO,"PROYECTO INTEGRAL A PRECIO ALZADO PARA LA
REHABILITACIÓN EMERGENTE DEL PUENTE VEHICULAR EN LA CALLE 5 DE MAYO ENTRE CALLE 6 DE ABRIL Y CALLE
""A"" EN LAS COLONIAS SAN JOSÉ LOS CERRITOS Y PARQUE INDUSTRIAL 5 DE MAYO DE LA JUNTA AUXILIAR DE SAN
PABLO ХОСНІМEHUACAN EN EL MUNICIPIO DE PUEBLA.","ADET CONSTRUCCIPON INMOBILIARIA, S.A. DE C.V. ",RECURSOS PROPIOS ,0.0,0.0,6699999.99,6626461.86,0.0,6626461.86,0.0,6626461.86,0.0,,,MUNICIPIO,,SAN XOCHIMEHUACAN,
,2025,CENTRO HISTÓRICO,40505,NO,"MEJORAMIENTO A LA IMAGEN URBANA, BARRIO DE EL ALTO Y MANTENIMIENTO AL TEMPLO DE BALVANERA MARÍA AUXILIADORA, DEL MUNICIPIO DE PUEBLA. ","CONSTRUCCIÓN Y MATERIALES JABETZA 21, S.A. DE C.V",RECURSOS PROPIOS - RECURSOS FEDERALES,0.0,813700.0000000001,1500000.74,2311868.34,0.0,2311868.34,1730759.13,581109.21,0.7486408719970618,,,MUNICIPIO / FEDERAL,0.55,ZONA METROPOLITANA,
,2024,22 TECHADOS ESCOLARES,40496,,"CONSTRUCCIÓN DE TECHADOS EN ESCUELAS PÚBLICAS DE EDUCACIÓN BÁSICA, TECHADO DE 20 X 30 METROS EN XONA EÓLICA TIPO 2, EN LA LOCALIDAD HEROICA PUEBLA DE ZARAGOZA, EN EL MUNICIPIO DE PUEBLA, EN EL ESTADO DE PUEBLA.","GRUPO BAND Y JLB DE PUEBLA, S.A. DE C.V. ",CONVENIO ESTADO / FAISMUNDF 2024,12404044.36,,12404044.37,24559296.03,0.0,4093216.0050000004,24559296.03,0.0,1.0,13200,M2,50% MUNICIPIO / 50% ESTADO,1.0,SAN SEBASTIAN DE APARICIO,2
,2024,22 TECHADOS ESCOLARES,40496,,"CONSTRUCCIÓN DE TECHADOS EN ESCUELAS PÚBLICAS DE EDUCACIÓN BÁSICA, TECHADO DE 20 X 30 METROS EN XONA EÓLICA TIPO 2, EN LA LOCALIDAD HEROICA PUEBLA DE ZARAGOZA, EN EL MUNICIPIO DE PUEBLA, EN EL ESTADO DE PUEBLA.","GRUPO BAND Y JLB DE PUEBLA, S.A. DE C.V. ",CONVENIO ESTADO / FAISMUNDF 2024,12404044.36,,12404044.37,24559296.03,0.0,4093216.0050000004,24559296.03,0.0,1.0,13200,M2,50% MUNICIPIO / 50% ESTADO,1.0,SAN JERONIMO CALERAS,3
,2024,22 TECHADOS ESCOLARES,40496,,"CONSTRUCCIÓN DE TECHADOS EN ESCUELAS PÚBLICAS DE EDUCACIÓN BÁSICA, TECHADO DE 20 X 30 METROS EN XONA EÓLICA TIPO 2, EN LA LOCALIDAD HEROICA PUEBLA DE ZARAGOZA, EN EL MUNICIPIO DE PUEBLA, EN EL ESTADO DE PUEBLA.","GRUPO BAND Y JLB DE PUEBLA, S.A. DE C.V. ",CONVENIO ESTADO / FAISMUNDF 2024,12404044.36,,12404044.37,24559296.03,0.0,4093216.0050000004,24559296.03,0.0,1.0,13200,M2,50% MUNICIPIO / 50% ESTADO,1.0,ZONA METROPOLITANA,8
,2024,22 TECHADOS ESCOLARES,40496,,"CONSTRUCCIÓN DE TECHADOS EN ESCUELAS PÚBLICAS DE EDUCACIÓN BÁSICA, TECHADO DE 20 X 30 METROS EN XONA EÓLICA TIPO 2, EN LA LOCALIDAD HEROICA PUEBLA DE ZARAGOZA, EN EL MUNICIPIO DE PUEBLA, EN EL ESTADO DE PUEBLA.","GRUPO BAND Y JLB DE PUEBLA, S.A. DE C.V. ",CONVENIO ESTADO / FAISMUNDF 2024,12404044.36,,12404044.37,24559296.03,0.0,4093216.0050000004,24559296.03,0.0,1.0,13200,M2,50% MUNICIPIO / 50% ESTADO,1.0,SAN BALTAZAR CAMPECHE,3
,2024,22 TECHADOS ESCOLARES,40496,,"CONSTRUCCIÓN DE TECHADOS EN ESCUELAS PÚBLICAS DE EDUCACIÓN BÁSICA, TECHADO DE 20 X 30 METROS EN XONA EÓLICA TIPO 2, EN LA LOCALIDAD HEROICA PUEBLA DE ZARAGOZA, EN EL MUNICIPIO DE PUEBLA, EN EL ESTADO DE PUEBLA.","GRUPO BAND Y JLB DE PUEBLA, S.A. DE C.V. ",CONVENIO ESTADO / FAISMUNDF 2024,12404044.36,,12404044.37,24559296.03,0.0,4093216.0050000004,24559296.03,0.0,1.0,13200,M2,50% MUNICIPIO / 50% ESTADO,1.0,IGNACIO ZARAGOZA,2
,2024,22 TECHADOS ESCOLARES,40496,,"CONSTRUCCIÓN DE TECHADOS EN ESCUELAS PÚBLICAS DE EDUCACIÓN BÁSICA, TECHADO DE 20 X 30 METROS EN XONA EÓLICA TIPO 2, EN LA LOCALIDAD HEROICA PUEBLA DE ZARAGOZA, EN EL MUNICIPIO DE PUEBLA, EN EL ESTADO DE PUEBLA.","GRUPO BAND Y JLB DE PUEBLA, S.A. DE C.V. ",CONVENIO ESTADO / FAISMUNDF 2024,12404044.36,,12404044.37,24559296.03,0.0,4093216.0050000004,24559296.03,0.0,1.0,13200,M2,50% MUNICIPIO / 50% ESTADO,1.0,SAN FRANCISCO TOTIMEHUACAN,4
,2025,MEJORAMIENTO A LA VIVIENDA,31057,NO,EQUIPAMIENTO Y OBRAS COMPLEMENTARIAS PARA LA IMPLEMENTACIÓN DE ELECTRIFICACIÓN NO CONVENCIONAL CON PANEL SOLAR EN DIFERENTES VIVIENDAS UBICADAS EN ZONAS DE ATENCIÓN PRIORITARIAS DEL MUNICIPIO DE PUEBLA,"LI1, S.A. DE C.V.",FAISMUN DF 2025,0.0,0.0,1478056.17,1461725.98,0.0,243620.99666666667,438517.79,1023208.19,0.2999999972635089,,,MUNICIPIO,1.0,SAN SEBASTIAN DE APARICIO,1
,2025,MEJORAMIENTO A LA VIVIENDA,31057,NO,EQUIPAMIENTO Y OBRAS COMPLEMENTARIAS PARA LA IMPLEMENTACIÓN DE ELECTRIFICACIÓN NO CONVENCIONAL CON PANEL SOLAR EN DIFERENTES VIVIENDAS UBICADAS EN ZONAS DE ATENCIÓN PRIORITARIAS DEL MUNICIPIO DE PUEBLA,"LI1, S.A. DE C.V.",FAISMUN DF 2025,0.0,0.0,1478056.17,1461725.98,0.0,243620.99666666667,438517.79,1023208.19,0.2999999972635089,,,MUNICIPIO,1.0,SAN PABLO XOCHIMEHUACAN,2
,2025,MEJORAMIENTO A LA VIVIENDA,31057,NO,EQUIPAMIENTO Y OBRAS COMPLEMENTARIAS PARA LA IMPLEMENTACIÓN DE ELECTRIFICACIÓN NO CONVENCIONAL CON PANEL SOLAR EN DIFERENTES VIVIENDAS UBICADAS EN ZONAS DE ATENCIÓN PRIORITARIAS DEL MUNICIPIO DE PUEBLA,"LI1, S.A. DE C.V.",FAISMUN DF 2025,0.0,0.0,1478056.17,1461725.98,0.0,243620.99666666667,438517.79,1023208.19,0.2999999972635089,,,MUNICIPIO,1.0,IGNACIO ZARAGOZA,1
,2025,MEJORAMIENTO A LA VIVIENDA,31057,NO,EQUIPAMIENTO Y OBRAS COMPLEMENTARIAS PARA LA IMPLEMENTACIÓN DE ELECTRIFICACIÓN NO CONVENCIONAL CON PANEL SOLAR EN DIFERENTES VIVIENDAS UBICADAS EN ZONAS DE ATENCIÓN PRIORITARIAS DEL MUNICIPIO DE PUEBLA,"LI1, S.A. DE C.V.",FAISMUN DF 2025,0.0,0.0,1478056.17,1461725.98,0.0,243620.99666666667,438517.79,1023208.19,0.2999999972635089,,,MUNICIPIO,1.0,SANTO TOMAS CHAUTLA,8
,2025,MEJORAMIENTO A LA VIVIENDA,31057,NO,EQUIPAMIENTO Y OBRAS COMPLEMENTARIAS PARA LA IMPLEMENTACIÓN DE ELECTRIFICACIÓN NO CONVENCIONAL CON PANEL SOLAR EN DIFERENTES VIVIENDAS UBICADAS EN ZONAS DE ATENCIÓN PRIORITARIAS DEL MUNICIPIO DE PUEBLA,"LI1, S.A. DE C.V.",FAISMUN DF 2025,0.0,0.0,1478056.17,1461725.98,0.0,243620.99666666667,438517.79,1023208.19,0.2999999972635089,,,MUNICIPIO,1.0,SAN FRANCISCO TOTIMEHUACAN,4
,2025,MEJORAMIENTO A LA VIVIENDA,31057,NO,EQUIPAMIENTO Y OBRAS COMPLEMENTARIAS PARA LA IMPLEMENTACIÓN DE ELECTRIFICACIÓN NO CONVENCIONAL CON PANEL SOLAR EN DIFERENTES VIVIENDAS UBICADAS EN ZONAS DE ATENCIÓN PRIORITARIAS DEL MUNICIPIO DE PUEBLA,"LI1, S.A. DE C.V.",FAISMUN DF 2025,0.0,0.0,1478056.17,1461725.98,0.0,243620.99666666667,438517.79,1023208.19,0.2999999972635089,,,MUNICIPIO,1.0,SAN ANDRES AZUMIATLA,9
,2025,MEJORAMIENTO A LA VIVIENDA,31058,NO,EQUIPAMIENTO Y OBRAS COMPLEMENTARIAS PARA LA IMPLEMENTACIÓN PARA LA IMPLEMENTACIÓN DE SISTEMAS DE ALMACENAMIENTO DE AGUA MEDIANTE TINACOS EN DIFERENTES VIVIENDAS UBICADAS EN ZONAS DE ATENCIÓN PRIORITARIA DEL MUNICIPIO DE PUEBLA ,"CONSTRUCCIÓN Y COORDINACIÓN DE PROYECTOS, S.A. DE C.V.",FAISMUN DF 2025,0.0,0.0,9789745.68,9674712.71,0.0,569100.7476470589,5501415.65,4173297.060000001,0.5686386577984494,,,MUNICIPIO,0.5153,SAN MIGUEL CANOA,69
,2025,MEJORAMIENTO A LA VIVIENDA,31058,NO,EQUIPAMIENTO Y OBRAS COMPLEMENTARIAS PARA LA IMPLEMENTACIÓN PARA LA IMPLEMENTACIÓN DE SISTEMAS DE ALMACENAMIENTO DE AGUA MEDIANTE TINACOS EN DIFERENTES VIVIENDAS UBICADAS EN ZONAS DE ATENCIÓN PRIORITARIA DEL MUNICIPIO DE PUEBLA ,"CONSTRUCCIÓN Y COORDINACIÓN DE PROYECTOS, S.A. DE C.V.",FAISMUN DF 2025,0.0,0.0,9789745.68,9674712.71,0.0,569100.7476470589,5501415.65,4173297.060000001,0.5686386577984494,,,MUNICIPIO,0.5153,SANTA MARIA XONACATEPEC,39
,2025,MEJORAMIENTO A LA VIVIENDA,31058,NO,EQUIPAMIENTO Y OBRAS COMPLEMENTARIAS PARA LA IMPLEMENTACIÓN PARA LA IMPLEMENTACIÓN DE SISTEMAS DE ALMACENAMIENTO DE AGUA MEDIANTE TINACOS EN DIFERENTES VIVIENDAS UBICADAS EN ZONAS DE ATENCIÓN PRIORITARIA DEL MUNICIPIO DE PUEBLA ,"CONSTRUCCIÓN Y COORDINACIÓN DE PROYECTOS, S.A. DE C.V.",FAISMUN DF 2025,0.0,0.0,9789745.68,9674712.71,0.0,569100.7476470589,5501415.65,4173297.060000001,0.5686386577984494,,,MUNICIPIO,0.5153,LA RESURECCION,144
,2025,MEJORAMIENTO A LA VIVIENDA,31058,NO,EQUIPAMIENTO Y OBRAS COMPLEMENTARIAS PARA LA IMPLEMENTACIÓN PARA LA IMPLEMENTACIÓN DE SISTEMAS DE ALMACENAMIENTO DE AGUA MEDIANTE TINACOS EN DIFERENTES VIVIENDAS UBICADAS EN ZONAS DE ATENCIÓN PRIORITARIA DEL MUNICIPIO DE PUEBLA ,"CONSTRUCCIÓN Y COORDINACIÓN DE PROYECTOS, S.A. DE C.V.",FAISMUN DF 2025,0.0,0.0,9789745.68,9674712.71,0.0,569100.7476470589,5501415.65,4173297.060000001,0.5686386577984494,,,MUNICIPIO,0.5153,SAN SEBASTIAN DE APARICIO,49
,2025,MEJORAMIENTO A LA VIVIENDA,31058,NO,EQUIPAMIENTO Y OBRAS COMPLEMENTARIAS PARA LA IMPLEMENTACIÓN PARA LA IMPLEMENTACIÓN DE SISTEMAS DE ALMACENAMIENTO DE AGUA MEDIANTE TINACOS EN DIFERENTES VIVIENDAS UBICADAS EN ZONAS DE ATENCIÓN PRIORITARIA DEL MUNICIPIO DE PUEBLA ,"CONSTRUCCIÓN Y COORDINACIÓN DE PROYECTOS, S.A. DE C.V.",FAISMUN DF 2025,0.0,0.0,9789745.68,9674712.71,0.0,569100.7476470589,5501415.65,4173297.060000001,0.5686386577984494,,,MUNICIPIO,0.5153,SAN PABLO XOCHIMEHUACAN,49
,2025,MEJORAMIENTO A LA VIVIENDA,31058,NO,EQUIPAMIENTO Y OBRAS COMPLEMENTARIAS PARA LA IMPLEMENTACIÓN PARA LA IMPLEMENTACIÓN DE SISTEMAS DE ALMACENAMIENTO DE AGUA MEDIANTE TINACOS EN DIFERENTES VIVIENDAS UBICADAS EN ZONAS DE ATENCIÓN PRIORITARIA DEL MUNICIPIO DE PUEBLA ,"CONSTRUCCIÓN Y COORDINACIÓN DE PROYECTOS, S.A. DE C.V.",FAISMUN DF 2025,0.0,0.0,9789745.68,9674712.71,0.0,569100.7476470589,5501415.65,4173297.060000001,0.5686386577984494,,,MUNICIPIO,0.5153,ZONA METROPOLITANA,32
,2025,MEJORAMIENTO A LA VIVIENDA,31058,NO,EQUIPAMIENTO Y OBRAS COMPLEMENTARIAS PARA LA IMPLEMENTACIÓN PARA LA IMPLEMENTACIÓN DE SISTEMAS DE ALMACENAMIENTO DE AGUA MEDIANTE TINACOS EN DIFERENTES VIVIENDAS UBICADAS EN ZONAS DE ATENCIÓN PRIORITARIA DEL MUNICIPIO DE PUEBLA ,"CONSTRUCCIÓN Y COORDINACIÓN DE PROYECTOS, S.A. DE C.V.",FAISMUN DF 2025,0.0,0.0,9789745.68,9674712.71,0.0,569100.7476470589,5501415.65,4173297.060000001,0.5686386577984494,,,MUNICIPIO,0.5153,SAN FELIPE HUEYOTLIPAN,1
,2025,MEJORAMIENTO A LA VIVIENDA,31058,NO,EQUIPAMIENTO Y OBRAS COMPLEMENTARIAS PARA LA IMPLEMENTACIÓN PARA LA IMPLEMENTACIÓN DE SISTEMAS DE ALMACENAMIENTO DE AGUA MEDIANTE TINACOS EN DIFERENTES VIVIENDAS UBICADAS EN ZONAS DE ATENCIÓN PRIORITARIA DEL MUNICIPIO DE PUEBLA ,"CONSTRUCCIÓN Y COORDINACIÓN DE PROYECTOS, S.A. DE C.V.",FAISMUN DF 2025,0.0,0.0,9789745.68,9674712.71,0.0,569100.7476470589,5501415.65,4173297.060000001,0.5686386577984494,,,MUNICIPIO,0.5153,SAN JERONIMO CALERAS,17
,2025,MEJORAMIENTO A LA VIVIENDA,31058,NO,EQUIPAMIENTO Y OBRAS COMPLEMENTARIAS PARA LA IMPLEMENTACIÓN PARA LA IMPLEMENTACIÓN DE SISTEMAS DE ALMACENAMIENTO DE AGUA MEDIANTE TINACOS EN DIFERENTES VIVIENDAS UBICADAS EN ZONAS DE ATENCIÓN PRIORITARIA DEL MUNICIPIO DE PUEBLA ,"CONSTRUCCIÓN Y COORDINACIÓN DE PROYECTOS, S.A. DE C.V.",FAISMUN DF 2025,0.0,0.0,9789745.68,9674712.71,0.0,569100.7476470589,5501415.65,4173297.060000001,0.5686386577984494,,,MUNICIPIO,0.5153,LA LIBERTAD,15
,2025,MEJORAMIENTO A LA VIVIENDA,31058,NO,EQUIPAMIENTO Y OBRAS COMPLEMENTARIAS PARA LA IMPLEMENTACIÓN PARA LA IMPLEMENTACIÓN DE SISTEMAS DE ALMACENAMIENTO DE AGUA MEDIANTE TINACOS EN DIFERENTES VIVIENDAS UBICADAS EN ZONAS DE ATENCIÓN PRIORITARIA DEL MUNICIPIO DE PUEBLA ,"CONSTRUCCIÓN Y COORDINACIÓN DE PROYECTOS, S.A. DE C.V.",FAISMUN DF 2025,0.0,0.0,9789745.68,9674712.71,0.0,569100.7476470589,5501415.65,4173297.060000001,0.5686386577984494,,,MUNICIPIO,0.5153,IGNACIO ROMERO VARGAS,4
,2025,MEJORAMIENTO A LA VIVIENDA,31058,NO,EQUIPAMIENTO Y OBRAS COMPLEMENTARIAS PARA LA IMPLEMENTACIÓN PARA LA IMPLEMENTACIÓN DE SISTEMAS DE ALMACENAMIENTO DE AGUA MEDIANTE TINACOS EN DIFERENTES VIVIENDAS UBICADAS EN ZONAS DE ATENCIÓN PRIORITARIA DEL MUNICIPIO DE PUEBLA ,"CONSTRUCCIÓN Y COORDINACIÓN DE PROYECTOS, S.A. DE C.V.",FAISMUN DF 2025,0.0,0.0,9789745.68,9674712.71,0.0,569100.7476470589,5501415.65,4173297.060000001,0.5686386577984494,,,MUNICIPIO,0.5153,IGNACIO ZARAGOZA,16
,2025,MEJORAMIENTO A LA VIVIENDA,31058,NO,EQUIPAMIENTO Y OBRAS COMPLEMENTARIAS PARA LA IMPLEMENTACIÓN PARA LA IMPLEMENTACIÓN DE SISTEMAS DE ALMACENAMIENTO DE AGUA MEDIANTE TINACOS EN DIFERENTES VIVIENDAS UBICADAS EN ZONAS DE ATENCIÓN PRIORITARIA DEL MUNICIPIO DE PUEBLA ,"CONSTRUCCIÓN Y COORDINACIÓN DE PROYECTOS, S.A. DE C.V.",FAISMUN DF 2025,0.0,0.0,9789745.68,9674712.71,0.0,569100.7476470589,5501415.65,4173297.060000001,0.5686386577984494,,,MUNICIPIO,0.5153,SAN BALTAZAR CAMPECHE,88
,2025,MEJORAMIENTO A LA VIVIENDA,31058,NO,EQUIPAMIENTO Y OBRAS COMPLEMENTARIAS PARA LA IMPLEMENTACIÓN PARA LA IMPLEMENTACIÓN DE SISTEMAS DE ALMACENAMIENTO DE AGUA MEDIANTE TINACOS EN DIFERENTES VIVIENDAS UBICADAS EN ZONAS DE ATENCIÓN PRIORITARIA DEL MUNICIPIO DE PUEBLA ,"CONSTRUCCIÓN Y COORDINACIÓN DE PROYECTOS, S.A. DE C.V.",FAISMUN DF 2025,0.0,0.0,9789745.68,9674712.71,0.0,569100.7476470589,5501415.65,4173297.060000001,0.5686386577984494,,,MUNICIPIO,0.5153,SANTO TOMAS CHAUTLA,51
,2025,MEJORAMIENTO A LA VIVIENDA,31058,NO,EQUIPAMIENTO Y OBRAS COMPLEMENTARIAS PARA LA IMPLEMENTACIÓN PARA LA IMPLEMENTACIÓN DE SISTEMAS DE ALMACENAMIENTO DE AGUA MEDIANTE TINACOS EN DIFERENTES VIVIENDAS UBICADAS EN ZONAS DE ATENCIÓN PRIORITARIA DEL MUNICIPIO DE PUEBLA ,"CONSTRUCCIÓN Y COORDINACIÓN DE PROYECTOS, S.A. DE C.V.",FAISMUN DF 2025,0.0,0.0,9789745.68,9674712.71,0.0,569100.7476470589,5501415.65,4173297.060000001,0.5686386577984494,,,MUNICIPIO,0.5153,SAN FRANCISCO TOTIMEHUACAN,177
,2025,MEJORAMIENTO A LA VIVIENDA,31058,NO,EQUIPAMIENTO Y OBRAS COMPLEMENTARIAS PARA LA IMPLEMENTACIÓN PARA LA IMPLEMENTACIÓN DE SISTEMAS DE ALMACENAMIENTO DE AGUA MEDIANTE TINACOS EN DIFERENTES VIVIENDAS UBICADAS EN ZONAS DE ATENCIÓN PRIORITARIA DEL MUNICIPIO DE PUEBLA ,"CONSTRUCCIÓN Y COORDINACIÓN DE PROYECTOS, S.A. DE C.V.",FAISMUN DF 2025,0.0,0.0,9789745.68,9674712.71,0.0,569100.7476470589,5501415.65,4173297.060000001,0.5686386577984494,,,MUNICIPIO,0.5153,SAN PEDRO ZACACHIMALPA,2
,2025,MEJORAMIENTO A LA VIVIENDA,31058,NO,EQUIPAMIENTO Y OBRAS COMPLEMENTARIAS PARA LA IMPLEMENTACIÓN PARA LA IMPLEMENTACIÓN DE SISTEMAS DE ALMACENAMIENTO DE AGUA MEDIANTE TINACOS EN DIFERENTES VIVIENDAS UBICADAS EN ZONAS DE ATENCIÓN PRIORITARIA DEL MUNICIPIO DE PUEBLA ,"CONSTRUCCIÓN Y COORDINACIÓN DE PROYECTOS, S.A. DE C.V.",FAISMUN DF 2025,0.0,0.0,9789745.68,9674712.71,0.0,569100.7476470589,5501415.65,4173297.060000001,0.5686386577984494,,,MUNICIPIO,0.5153,SAN BALTAZAR TETELA,3
,2025,MEJORAMIENTO A LA VIVIENDA,31058,NO,EQUIPAMIENTO Y OBRAS COMPLEMENTARIAS PARA LA IMPLEMENTACIÓN PARA LA IMPLEMENTACIÓN DE SISTEMAS DE ALMACENAMIENTO DE AGUA MEDIANTE TINACOS EN DIFERENTES VIVIENDAS UBICADAS EN ZONAS DE ATENCIÓN PRIORITARIA DEL MUNICIPIO DE PUEBLA ,"CONSTRUCCIÓN Y COORDINACIÓN DE PROYECTOS, S.A. DE C.V.",FAISMUN DF 2025,0.0,0.0,9789745.68,9674712.71,0.0,569100.7476470589,5501415.65,4173297.060000001,0.5686386577984494,,,MUNICIPIO,0.5153,SAN ANDRES AZUMIATLA,6
